{
  "Titanate Yellow": "#FFDD00",
  "Cadmium Yellow Primrose": "#FFF44F",
  "Bismuth Vanadate Yellow": "#FFE827",
  "Light Bismuth Yellow": "#FFF200",
  "Cadmium Yellow Light": "#FFF600",
  "Primary Yellow": "#FED800",
  "Benzimidazolone Yellow Light": "#FFE375",
  "Benzimidazolone Yellow Medium": "#FFD900",
  "Hansa Yellow Opaque": "#FFD900",
  "Cadmium Yellow Medium": "#FFB300",
  "Cadmium Yellow Medium Hue": "#FFA200",
  "Nickel Azo Yellow": "#FFB000",
  "India Yellow Hue": "#FFB446",
  "Azo Gold": "#B5880B",
  "Benzimidazolone Burnt Orange": "#EC7C26",
  "Cadmium Yellow Dark": "#FF9D00",
  "Isoindolinone Yellow": "#FFB921",
  "Diarylide Yellow": "#FED000",
  "Cadmium Orange": "#FF6103",
  "Vat Orange": "#FF4D00",
  "Pyrrole Orange": "#FF5500",
  "Light Orange": "#FF7F32",
  "Cadmium Red Light": "#FF1E0F",
  "Pyrrole Red Light": "#FF2D1E",
  "Naphthol Red Light": "#FF2E19",
  "Pyrrole Red": "#FF1700",
  "Cadmium Red Medium": "#E3000B",
  "Cadmium Red Medium Hue": "#DC0429",
  "Cadmium Red Dark": "#BC0022",
  "Pyrrole Red Dark": "#9B0000",
  "Primary Magenta": "#FF0090",
  "Light Magenta": "#FF48B0",
  "Naphthol Red Medium": "#E3002B",
  "Naphthol Pink": "#FF4D79",
  "Quinacridone Red": "#E3002B",
  "Alizarin Crimson Hue": "#E30022",
  "Permanent Maroon": "#7C0A02",
  "Quinacridone Magenta": "#E3005C",
  "Medium Magenta": "#E3007C",
  "Quinacridone Violet": "#8A2BE2",
  "Ultramarine Blue": "#1B1B7A",
  "Light Ultramarine Blue": "#2932B3",
  "Cobalt Blue": "#0047AB",
  "Cobalt Blue Hue": "#0047AB",
  "Cerulean Blue, Chromium": "#2A52BE",
  "Anthraquinone Blue": "#0033AA",
  "Prussian Blue Hue": "#003153",
  "Phthalo Blue (Red Shade)": "#000F8B",
  "Phthalo Blue (Green Shade)": "#0018A8",
  "Light Phthalo Blue": "#1E90FF",
  "Primary Cyan": "#00B7EB",
  "Cerulean Blue Deep": "#0E4C92",
  "Manganese Blue Hue": "#03A8E8",
  "Azurite Hue": "#1B4B7C",
  "Teal": "#006D6D",
  "Cobalt Teal": "#0097A7",
  "Light Turquoise (Phthalo)": "#00CED1",
  "Turquoise (Phthalo)": "#00868B",
  "Cobalt Turquoise": "#008B8B",
  "Phthalo Green (Blue Shade)": "#004D40",
  "Viridian Green Hue": "#007F66",
  "Phthalo Green (Yellow Shade)": "#00A877",
  "Light Phthalo Green": "#00AF7C",
  "Permanent Green Light": "#00C246",
  "Cobalt Green": "#3CB371",
  "Hookers Green Hue": "#004F2D",
  "Jenkins Green": "#005F2C",
  "Sap Green Hue": "#4B6F44",
  "Yellow Oxide": "#C3A04D",
  "Yellow Ochre": "#CB9D06",
  "Raw Sienna": "#B7794A",
  "Burnt Sienna": "#A0522D",
  "Mars Yellow": "#CD9B1D",
  "Red Oxide": "#8B2323",
  "Violet Oxide": "#4A2449",
  "Burnt Umber Light": "#8B4513",
  "Burnt Umber": "#5C4033",
  "Raw Umber": "#654321",
  "Graphite Gray": "#474A51",
  "Paynes Gray": "#40404F",
  "Bone Black": "#1A1A1A",
  "Carbon Black": "#000000",
  "Mars Black": "#232323",
  "Titan Buff": "#F1E6D4",
  "Zinc White": "#FEFEFA",
  "Titanium White": "#FFFFFF"
}